sido,school_level,year,school_count,valid_coordinate_school_count,total_student_count,mean_student_count,median_student_count,small_school_count,decline_pressure_school_count,isolated_small_school_count,education_gap_risk_school_count,mean_isolation_score,total_delta_from_2025,pct_change_from_2025
강원,고등학교,2025,112,112,35912.0,320.64285714285717,210.0,18,,,,3.159282172942743,0.0,0.0
강원,고등학교,2026,112,112,34605.66725326819,308.9791719041803,204.23313534449153,18,,,,3.159282172942743,-1306.3327467318086,-0.03637593970627669
강원,고등학교,2027,112,112,33681.45561197032,300.72728224973497,198.2439780748579,19,,,,3.159282172942743,-2230.5443880296807,-0.06211139418661397
강원,고등학교,2028,112,112,33303.00573278667,297.3482654713095,193.61185906860834,18,,,,3.159282172942743,-2608.994267213333,-0.07264965101396004
강원,고등학교,2029,112,112,33296.003912938264,297.28574922266307,193.84419596937744,20,,,,3.159282172942743,-2615.996087061736,-0.07284462260697638
강원,고등학교,2030,112,112,33066.673837219016,295.23815926088406,191.16176642751554,20,43.0,19.0,18.0,3.159282172942743,-2845.3261627809843,-0.07923051244099422
강원,중학교,2025,149,149,34097.0,228.83892617449663,105.0,64,,,,4.193060882363114,0.0,0.0
강원,중학교,2026,149,149,33898.062567457724,227.50377562052165,104.10581138933118,64,,,,4.193060882363114,-198.93743254227593,-0.005834455598506494
강원,중학교,2027,149,149,33271.9377297608,223.30159550175034,99.86041020333266,64,,,,4.193060882363114,-825.0622702391993,-0.024197503306425765
강원,중학교,2028,149,149,32589.80844916795,218.72354663871107,94.39875422344775,64,,,,4.193060882363114,-1507.191550832049,-0.044203054545328004
강원,중학교,2029,149,149,32205.820707268467,216.14644769978838,92.54341409333212,65,,,,4.193060882363114,-1891.1792927315328,-0.055464682896780734
강원,중학교,2030,149,149,32212.094112887447,216.18855109320435,93.02159232063332,65,54.0,62.0,62.0,4.193060882363114,-1884.9058871125526,-0.0552806958709726
강원,초등학교,2025,330,330,49259.0,149.26969696969698,50.0,193,,,,1.8509926649033732,0.0,0.0
강원,초등학교,2026,330,330,46690.46820053611,141.48626727435186,48.95236536340267,194,,,,1.8509926649033732,-2568.53179946389,-0.05214340119498751
강원,초등학교,2027,330,330,44234.334231663786,134.04343706564785,46.91899082192239,196,,,,1.8509926649033732,-5024.665768336214,-0.10200502990999033
강원,초등학교,2028,330,330,41723.30389633972,126.43425423133249,43.8467717739202,201,,,,1.8509926649033732,-7535.696103660281,-0.15298110200491852
강원,초등학교,2029,330,330,38963.70216896024,118.07182475442497,41.578751964365715,209,,,,1.8509926649033732,-10295.29783103976,-0.20900338681336933
강원,초등학교,2030,330,330,36195.808321463104,109.68426764079729,38.250183479324974,211,267.0,108.0,142.0,1.8509926649033732,-13063.191678536896,-0.2651940087808704
경기,고등학교,2025,391,391,270287.0,691.2710997442455,734.0,4,,,,0.7599229939829015,0.0,0.0
경기,고등학교,2026,391,391,261854.06072717078,669.7034801206414,708.9294373855581,4,,,,0.7599229939829015,-8432.939272829215,-0.031199944032932456
경기,고등학교,2027,391,391,254461.98260502017,650.7979094757549,680.8982764895084,5,,,,0.7599229939829015,-15825.017394979834,-0.058548940182028116
경기,고등학교,2028,391,391,252470.98886948207,645.7058538861434,674.4889201948369,6,,,,0.7599229939829015,-17816.01113051793,-0.0659151610344483
경기,고등학교,2029,391,391,251403.28895168565,642.9751635592984,673.8210433813309,6,,,,0.7599229939829015,-18883.711048314348,-0.06986540621011868
경기,고등학교,2030,391,391,249536.74707922852,638.2013991796126,669.0612057548195,6,260.0,5.0,5.0,0.7599229939829015,-20750.252920771483,-0.07677118367058527
경기,중학교,2025,564,564,290308.0,514.7304964539007,503.5,30,,,,0.6541963999032787,0.0,0.0
경기,중학교,2026,564,564,289544.07294000767,513.3760158510775,500.21594883336263,30,,,,0.6541963999032787,-763.9270599923329,-0.002631436474338747
경기,중학교,2027,564,564,286229.6096871398,507.49930795592167,485.91297178477,33,,,,0.6541963999032787,-4078.390312860196,-0.014048494402015088
경기,중학교,2028,564,564,280683.99865308276,497.66666427851555,478.8504134565478,36,,,,0.6541963999032787,-9624.00134691724,-0.03315100288974896
경기,중학교,2029,564,564,277423.79029961326,491.8861530134987,476.856298083231,38,,,,0.6541963999032787,-12884.209700386738,-0.04438117344470954
경기,중학교,2030,564,564,277343.197274822,491.7432575794716,477.96406830231786,38,240.0,31.0,36.0,0.6541963999032787,-12964.802725178015,-0.04465878558351136
경기,초등학교,2025,1082,1082,424486.0,392.31608133086877,363.0,154,,,,0.27775459764914956,0.0,0.0
경기,초등학교,2026,1082,1082,400839.8813534117,370.46199755398493,336.2945472237685,163,,,,0.27775459764914956,-23646.118646588293,-0.05570529686865596
경기,초등학교,2027,1082,1082,379059.56496547477,350.33231512520774,314.2245748003281,172,,,,0.27775459764914956,-45426.43503452523,-0.10701515488031461
경기,초등학교,2028,1082,1082,355461.2069892017,328.5223724484304,288.80172840278925,186,,,,0.27775459764914956,-69024.79301079828,-0.1626079376252651
경기,초등학교,2029,1082,1082,331265.4333194393,306.16028957434315,264.4744806663148,196,,,,0.27775459764914956,-93220.5666805607,-0.219608106464196
경기,초등학교,2030,1082,1082,308340.83071981627,284.97304133069895,241.95722016408968,210,944.0,38.0,94.0,0.27775459764914956,-116145.16928018373,-0.27361366283030236
경남,고등학교,2025,179,179,80180.0,447.9329608938547,452.0,9,,,,1.5914571636471282,0.0,0.0
경남,고등학교,2026,179,179,77565.84188506872,433.32872561490905,435.1262787580693,9,,,,1.5914571636471282,-2614.158114931284,-0.032603618295476235
경남,고등학교,2027,179,179,75342.40547445406,420.90729315337467,428.3587561664386,10,,,,1.5914571636471282,-4837.594525545937,-0.06033417966507779
경남,고등학교,2028,179,179,74580.04067926439,416.6482719511977,420.4968917974831,10,,,,1.5914571636471282,-5599.959320735608,-0.06984234623017721
경남,고등학교,2029,179,179,74443.795502695,415.8871257133799,420.5225957690693,10,,,,1.5914571636471282,-5736.204497305007,-0.07154158764411334
경남,고등학교,2030,179,179,73980.89263399802,413.3010761675867,419.2584561261926,11,95.0,11.0,11.0,1.5914571636471282,-6199.107366001976,-0.07731488358695404
경남,중학교,2025,237,237,79275.0,334.49367088607596,257.0,54,,,,2.104097137241488,0.0,0.0
경남,중학교,2026,237,237,79034.46771801554,333.4787667426816,263.5788365755967,54,,,,2.104097137241488,-240.53228198445868,-0.0030341505138373847
경남,중학교,2027,237,237,77723.31151208768,327.9464620763193,253.2172779681067,56,,,,2.104097137241488,-1551.6884879123245,-0.019573490859821185
경남,중학교,2028,237,237,76310.51101771696,321.98527855576776,250.08253298711136,56,,,,2.104097137241488,-2964.4889822830446,-0.03739500450688167
경남,중학교,2029,237,237,75335.03371260625,317.86934055952,246.22138185685048,58,,,,2.104097137241488,-3939.9662873937486,-0.04969998470380005
경남,중학교,2030,237,237,75369.28463777236,318.013859231107,244.95077113507432,58,84.0,53.0,55.0,2.104097137241488,-3905.7153622276383,-0.04926793266764602
경남,초등학교,2025,455,455,101080.0,222.15384615384616,111.0,193,,,,1.1947473093046979,0.0,0.0
경남,초등학교,2026,455,455,94246.42482475785,207.13499961485243,101.548558455876,195,,,,1.1947473093046979,-6833.575175242149,-0.0676056111519801
경남,초등학교,2027,455,455,88205.67657656316,193.85862983860034,93.9554321924956,201,,,,1.1947473093046979,-12874.323423436843,-0.12736766346890427
경남,초등학교,2028,455,455,82330.07415564393,180.94521792449217,86.17088443533635,204,,,,1.1947473093046979,-18749.92584435607,-0.1854959026944605
경남,초등학교,2029,455,455,76414.72001486114,167.9444395931014,81.042254083329,207,,,,1.1947473093046979,-24665.279985138855,-0.24401741180390638
경남,초등학교,2030,455,455,70902.81222935757,155.83035654803862,76.8185973265597,213,417.0,103.0,146.0,1.1947473093046979,-30177.187770642427,-0.2985475640150616
경북,고등학교,2025,175,175,60448.0,345.41714285714284,318.0,13,,,,3.0768754195443,0.0,0.0
경북,고등학교,2026,175,175,58960.9765761861,336.91986614963486,311.7880732197112,14,,,,3.0768754195443,-1487.023423813902,-0.024600043406132574
경북,고등학교,2027,175,175,57410.983556722465,328.06276318127124,306.3146876625751,14,,,,3.0768754195443,-3037.0164432775346,-0.05024180193352194
경북,고등학교,2028,175,175,56670.47923279282,323.83130990167325,303.1077394479531,14,,,,3.0768754195443,-3777.5207672071774,-0.062492071982649174
경북,고등학교,2029,175,175,56698.537469203744,323.99164268116425,303.6469026840704,15,,,,3.0768754195443,-3749.462530796256,-0.06202790052270143
경북,고등학교,2030,175,175,56221.973951659806,321.2684225809132,299.8009989388052,16,55.0,14.0,14.0,3.0768754195443,-4226.026048340194,-0.06991175966682428
경북,중학교,2025,244,244,55504.0,227.47540983606558,119.5,99,,,,2.945577727701181,0.0,0.0
경북,중학교,2026,244,244,55448.56319014108,227.24820979566016,114.7176761180678,99,,,,2.945577727701181,-55.43680985891842,-0.0009987894540739123
경북,중학교,2027,244,244,54501.255860436744,223.36580270670797,113.46748528649903,100,,,,2.945577727701181,-1002.7441395632559,-0.018066159908533726
경북,중학교,2028,244,244,53339.632441661975,218.60505099041794,111.25955751739849,100,,,,2.945577727701181,-2164.3675583380245,-0.038994803227479544
경북,중학교,2029,244,244,52717.709859542716,216.05618794894556,108.7593111295923,100,,,,2.945577727701181,-2786.290140457284,-0.05019980795000872
경북,중학교,2030,244,244,52770.98335976083,216.27452196623292,108.31153236022524,101,83.0,93.0,87.0,2.945577727701181,-2733.0166402391696,-0.049239994238958806
경북,초등학교,2025,439,439,76209.0,173.5968109339408,53.0,241,,,,2.009463212984189,0.0,0.0
경북,초등학교,2026,439,439,71363.47778059184,162.55917489884246,50.18115277847971,244,,,,2.009463212984189,-4845.522219408158,-0.063582020750937
경북,초등학교,2027,439,439,67194.80317761809,153.0633329786289,47.03638571403546,246,,,,2.009463212984189,-9014.196822381913,-0.1182825758425109
경북,초등학교,2028,439,439,62800.41505598078,143.0533372573594,44.383581913609575,259,,,,2.009463212984189,-13408.584944019218,-0.17594490078624858
경북,초등학교,2029,439,439,58371.146675515956,132.96388764354433,41.6392759121289,265,,,,2.009463212984189,-17837.853324484044,-0.23406491785070063
경북,초등학교,2030,439,439,54321.353372491416,123.7388459510055,39.05485607030952,272,400.0,155.0,187.0,2.009463212984189,-21887.646627508584,-0.28720553514031916
광주,고등학교,2025,59,59,36221.0,613.9152542372881,624.0,0,,,,0.1003030305258095,0.0,0.0
광주,고등학교,2026,59,59,34657.187647043174,587.4099601193758,596.7455721654824,0,,,,0.1003030305258095,-1563.8123529568256,-0.043174190468425105
광주,고등학교,2027,59,59,33433.575373706706,566.6707690458763,570.1831166976222,0,,,,0.1003030305258095,-2787.424626293294,-0.07695603727929361
광주,고등학교,2028,59,59,33063.70097042248,560.4017113630928,563.55229167665,0,,,,0.1003030305258095,-3157.2990295775235,-0.08716763837490747
광주,고등학교,2029,59,59,32788.48324950491,555.7370042288968,557.1215724097451,0,,,,0.1003030305258095,-3432.5167504950878,-0.09476592999903613
광주,고등학교,2030,59,59,32557.512641765486,551.8222481655167,554.4729195678826,0,45.0,0.0,0.0,0.1003030305258095,-3663.4873582345135,-0.1011426343346267
광주,중학교,2025,84,84,38490.0,458.2142857142857,470.0,1,,,,0.11439709879676767,0.0,0.0
광주,중학교,2026,84,84,38457.2699737233,457.824642544325,462.45026737001456,1,,,,0.11439709879676767,-32.73002627670212,-0.0008503514231411307
광주,중학교,2027,84,84,37892.40766854819,451.1000912922404,452.40056491194616,1,,,,0.11439709879676767,-597.5923314518077,-0.015525911443278974
광주,중학교,2028,84,84,37040.10452453116,440.95362529203766,446.7712105026145,1,,,,0.11439709879676767,-1449.8954754688384,-0.03766940700100905
광주,중학교,2029,84,84,36635.485179259354,436.1367283245161,443.39239925144824,1,,,,0.11439709879676767,-1854.5148207406455,-0.04818173085842155
광주,중학교,2030,84,84,36792.081502302055,438.00097026550065,447.3386476043174,1,31.0,1.0,1.0,0.11439709879676767,-1697.918497697945,-0.04411323714465952
광주,초등학교,2025,135,135,56055.0,415.22222222222223,379.0,8,,,,0.07423975862387307,0.0,0.0
광주,초등학교,2026,135,135,52640.799953205424,389.9318515052254,347.4071826957009,8,,,,0.07423975862387307,-3414.2000467945763,-0.06090803758441845
광주,초등학교,2027,135,135,49626.095262691306,367.6007056495652,328.47511338260193,9,,,,0.07423975862387307,-6428.904737308694,-0.11468922910193015
광주,초등학교,2028,135,135,46642.41488675123,345.4993695314906,316.9192942295989,9,,,,0.07423975862387307,-9412.585113248773,-0.1679169585808362
광주,초등학교,2029,135,135,43408.49031511334,321.54437270454326,293.35148837016635,10,,,,0.07423975862387307,-12646.50968488666,-0.2256089498686408
광주,초등학교,2030,135,135,40382.950925965764,299.13296982196863,268.61749003281284,12,127.0,3.0,4.0,0.07423975862387307,-15672.049074034236,-0.27958342831209054
대구,고등학교,2025,86,86,54023.0,628.1744186046511,649.5,0,,,,0.22525169196069597,0.0,0.0
대구,고등학교,2026,86,86,51866.09463450753,603.0941236570643,613.7566126021575,0,,,,0.22525169196069597,-2156.905365492472,-0.03992568656854436
대구,고등학교,2027,86,86,50194.36178563171,583.6553696003687,581.2085136376527,0,,,,0.22525169196069597,-3828.638214368293,-0.07087052208074882
대구,고등학교,2028,86,86,49746.01255561567,578.4420064606473,582.3737374740003,0,,,,0.22525169196069597,-4276.987444384329,-0.0791697507429119
대구,고등학교,2029,86,86,49667.854221154135,577.5331886180713,579.8344198385339,0,,,,0.22525169196069597,-4355.145778845865,-0.08061651109427216
대구,고등학교,2030,86,86,49442.34260703114,574.9109605468738,578.8161244917869,0,67.0,0.0,0.0,0.22525169196069597,-4580.65739296886,-0.08479087412710994
대구,중학교,2025,113,113,55313.0,489.49557522123894,474.0,3,,,,0.3637227239399634,0.0,0.0
대구,중학교,2026,113,113,55650.59601115698,492.48315054121224,471.94274659998007,3,,,,0.3637227239399634,337.59601115698024,0.006103375538426414
대구,중학교,2027,113,113,55070.234458089304,487.34720759371066,469.9214440423824,3,,,,0.3637227239399634,-242.7655419106959,-0.004388941874617105
대구,중학교,2028,113,113,53836.60106345926,476.43009790671914,456.32335208009727,3,,,,0.3637227239399634,-1476.3989365407397,-0.02669171689369117
대구,중학교,2029,113,113,53291.478184282816,471.60600163082137,453.55087924259095,3,,,,0.3637227239399634,-2021.521815717184,-0.03654695669584336
대구,중학교,2030,113,113,53556.125224860036,473.94801083946936,456.87561303738414,3,38.0,2.0,3.0,0.3637227239399634,-1756.8747751399642,-0.031762420681213537
대구,초등학교,2025,191,191,75967.0,397.73298429319374,320.0,6,,,,0.22446580416743164,0.0,0.0
대구,초등학교,2026,191,191,71807.19131117672,375.9538812103493,296.66681942031227,9,,,,0.22446580416743164,-4159.808688823279,-0.05475810139696551
대구,초등학교,2027,191,191,67922.2464284338,355.6138556462503,276.0444793949219,10,,,,0.22446580416743164,-8044.753571566194,-0.10589800270599331
대구,초등학교,2028,191,191,63902.26233052461,334.566818484422,257.07837520653607,11,,,,0.22446580416743164,-12064.737669475391,-0.15881550764773378
대구,초등학교,2029,191,191,59580.61292218145,311.9403817915259,236.39046497094347,13,,,,0.22446580416743164,-16386.387077818552,-0.21570401724194127
대구,초등학교,2030,191,191,55721.81510380398,291.73725185237686,214.37312919298984,14,181.0,6.0,6.0,0.22446580416743164,-20245.18489619602,-0.2664997287795493
대전,고등학교,2025,55,55,34553.0,628.2363636363636,625.0,0,,,,0.09249747771866276,0.0,0.0
대전,고등학교,2026,55,55,33179.86372799459,603.2702495999016,593.4762398712592,0,,,,0.09249747771866276,-1373.1362720054094,-0.039740001505091
대전,고등학교,2027,55,55,31984.956053325608,581.5446555150111,563.1042601210896,0,,,,0.09249747771866276,-2568.043946674392,-0.07432188078240361
대전,고등학교,2028,55,55,31711.34309906149,576.5698745283908,557.9762172173843,0,,,,0.09249747771866276,-2841.6569009385094,-0.08224052617539748
대전,고등학교,2029,55,55,31514.310255756634,572.9874591955752,557.1225821943664,0,,,,0.09249747771866276,-3038.6897442433656,-0.0879428629711853
대전,고등학교,2030,55,55,31280.859739726944,568.7429043586717,550.2822129405998,0,43.0,0.0,0.0,0.09249747771866276,-3272.140260273056,-0.09469916534810453
대전,중학교,2025,83,83,34946.0,421.03614457831327,332.0,2,,,,0.10404599112309158,0.0,0.0
대전,중학교,2026,83,83,34757.798730789786,418.7686594071059,345.2934088893586,3,,,,0.10404599112309158,-188.20126921021438,-0.0053854881591659815
대전,중학교,2027,83,83,34090.36152676542,410.7272473104267,344.3122547839332,3,,,,0.10404599112309158,-855.6384732345832,-0.02448458974516635
대전,중학교,2028,83,83,33424.940556395966,402.71012718549355,342.8945498271564,3,,,,0.10404599112309158,-1521.0594436040337,-0.04352599563910129
대전,중학교,2029,83,83,33010.738478088795,397.719740699865,342.185829163288,3,,,,0.10404599112309158,-1935.261521911205,-0.05537862765155396
대전,중학교,2030,83,83,33031.88948653967,397.974572126984,347.858998048421,3,26.0,1.0,1.0,0.10404599112309158,-1914.1105134603276,-0.054773379312663184
대전,초등학교,2025,133,133,53430.0,401.7293233082707,351.0,11,,,,0.06545365382676778,0.0,0.0
대전,초등학교,2026,133,133,50428.35776242026,379.1605846798516,319.221386472214,11,,,,0.06545365382676778,-3001.642237579741,-0.05617896757588885
대전,초등학교,2027,133,133,47691.468490855,358.5824698560526,300.113530819386,11,,,,0.06545365382676778,-5738.531509145003,-0.10740279822468655
대전,초등학교,2028,133,133,44699.30969498085,336.0850353006079,280.69744394811187,13,,,,0.06545365382676778,-8730.690305019147,-0.163404272974343
대전,초등학교,2029,133,133,41713.64139642326,313.63640147686664,257.0295116872896,14,,,,0.06545365382676778,-11716.358603576737,-0.21928427107573903
대전,초등학교,2030,133,133,38719.7768155603,291.1261414703782,229.41580188001365,14,121.0,3.0,4.0,0.06545365382676778,-14710.223184439703,-0.2753176714287798
부산,고등학교,2025,137,137,67647.0,493.77372262773724,475.0,0,,,,0.1422717537892076,0.0,0.0
부산,고등학교,2026,137,137,65174.60092525192,475.7270140529337,456.98148206431136,0,,,,0.1422717537892076,-2472.3990747480784,-0.03654853984283233
부산,고등학교,2027,137,137,63169.09937591145,461.08831661249235,446.2245418930457,0,,,,0.1422717537892076,-4477.90062408855,-0.06619511026488314
부산,고등학교,2028,137,137,62319.553922313804,454.8872549074,433.29301156298857,0,,,,0.1422717537892076,-5327.446077686196,-0.07875361919503003
부산,고등학교,2029,137,137,62069.93090974334,453.0651891222142,432.4294892689472,0,,,,0.1422717537892076,-5577.069090256657,-0.08244370172005643
부산,고등학교,2030,137,137,61735.57220218307,450.624614614475,429.6421915016181,0,101.0,0.0,0.0,0.1422717537892076,-5911.427797816927,-0.08738639995590236
부산,중학교,2025,157,157,69471.0,442.49044585987264,423.0,1,,,,0.06820014137609655,0.0,0.0
부산,중학교,2026,157,157,69719.10044761651,444.07070348800323,427.79370089674086,1,,,,0.06820014137609655,248.1004476165108,0.003571280787904461
부산,중학교,2027,157,157,68830.89848101258,438.4133661210993,411.4159162573797,1,,,,0.06820014137609655,-640.1015189874161,-0.009213938463350406
부산,중학교,2028,157,157,67259.07609286338,428.40175855326993,408.8839720535138,1,,,,0.06820014137609655,-2211.9239071366173,-0.031839528826943866
부산,중학교,2029,157,157,66630.60242008971,424.3987415292338,403.3916878792686,1,,,,0.06820014137609655,-2840.397579910292,-0.04088609030977375
부산,중학교,2030,157,157,66953.25842193128,426.45387529892537,403.916421477612,1,32.0,1.0,1.0,0.06820014137609655,-2517.741578068715,-0.03624161992872875
부산,초등학교,2025,248,248,95269.0,384.1491935483871,373.5,20,,,,0.04441115580603359,0.0,0.0
부산,초등학교,2026,248,248,89989.00433205074,362.85888843568847,353.36144092236066,20,,,,0.04441115580603359,-5279.995667949261,-0.055421970084174925
부산,초등학교,2027,248,248,85062.93946713912,342.99572365781904,330.5521388704165,23,,,,0.04441115580603359,-10206.06053286088,-0.10712887227598568
부산,초등학교,2028,248,248,79708.15161197103,321.40383714504446,304.2952052911051,27,,,,0.04441115580603359,-15560.848388028971,-0.16333590557294578
부산,초등학교,2029,248,248,74190.44841918573,299.15503394832956,279.3159855213106,36,,,,0.04441115580603359,-21078.551580814266,-0.22125299500167175
부산,초등학교,2030,248,248,69152.08005121617,278.8390324645813,254.506896433216,40,237.0,1.0,3.0,0.04441115580603359,-26116.919948783834,-0.2741387014536086
서울,고등학교,2025,274,274,171747.0,626.8138686131387,604.5,0,,,,0.01391090351070818,0.0,0.0
서울,고등학교,2026,274,274,165088.7713359631,602.5137639998653,566.5148325483,0,,,,0.01391090351070818,-6658.228664036898,-0.0387676562853319
서울,고등학교,2027,274,274,159443.69867514458,581.9113090333744,546.1238181024181,1,,,,0.01391090351070818,-12303.30132485542,-0.07163619349889908
서울,고등학교,2028,274,274,157840.65650316287,576.0607901575287,544.2843683930499,1,,,,0.01391090351070818,-13906.34349683713,-0.08096993540985944
서울,고등학교,2029,274,274,156435.30941379108,570.9317861817193,541.1466237872803,1,,,,0.01391090351070818,-15311.690586208919,-0.08915259414259881
서울,고등학교,2030,274,274,155086.483864354,566.0090651983722,542.2580760369854,1,210.0,0.0,0.0,0.01391090351070818,-16660.516135646,-0.09700615519133376
서울,중학교,2025,366,366,183518.0,501.41530054644807,443.5,1,,,,0.012672714180043104,0.0,0.0
서울,중학교,2026,366,366,183113.38894762163,500.3098058678187,436.18486420088965,1,,,,0.012672714180043104,-404.6110523783718,-0.002204748593480595
서울,중학교,2027,366,366,180509.61423180997,493.19566730002725,426.6245570544195,1,,,,0.012672714180043104,-3008.3857681900263,-0.01639286483173327
서울,중학교,2028,366,366,176234.6024434145,481.515307222444,419.0501610989655,1,,,,0.012672714180043104,-7283.397556585493,-0.039687646751738206
서울,중학교,2029,366,366,174009.91605771077,475.4369291194283,415.18303033310326,1,,,,0.012672714180043104,-9508.083942289231,-0.05181008915904288
서울,중학교,2030,366,366,174207.15921932645,475.97584486154767,417.6341457135312,1,140.0,0.0,0.0,0.012672714180043104,-9310.840780673549,-0.0507352999742453
서울,초등학교,2025,539,539,280053.0,519.5788497217069,465.0,0,,,,0.007112288414477766,0.0,0.0
서울,초등학교,2026,539,539,266120.3366236363,493.72975254849035,441.4311687233304,0,,,,0.007112288414477766,-13932.663376363693,-0.04975009507615949
서울,초등학교,2027,539,539,253228.36613939743,469.81143996177633,421.5923558513903,1,,,,0.007112288414477766,-26824.633860602567,-0.09578413321979257
서울,초등학교,2028,539,539,238757.93249123942,442.9646242880138,391.9144228780728,2,,,,0.007112288414477766,-41295.06750876058,-0.14745447293462516
서울,초등학교,2029,539,539,223663.82005766453,414.9607051162607,366.2940206493767,2,,,,0.007112288414477766,-56389.17994233547,-0.20135181534329383
서울,초등학교,2030,539,539,209707.4009647844,389.06753425748497,339.4512654977367,3,516.0,0.0,0.0,0.007112288414477766,-70345.5990352156,-0.25118673620784493
세종,고등학교,2025,6,6,3180.0,530.0,618.0,0,,,,0.5650010927649359,0.0,0.0
세종,고등학교,2026,6,6,3268.4394988955178,544.7399164825863,609.8661640789536,0,,,,0.5650010927649359,88.43949889551777,0.027811163174691123
세종,고등학교,2027,6,6,3227.8204065269115,537.9700677544853,592.9141935265061,0,,,,0.5650010927649359,47.82040652691148,0.015037863687708014
세종,고등학교,2028,6,6,3227.157297301468,537.8595495502447,594.1298850083948,0,,,,0.5650010927649359,47.157297301468134,0.014829338774046583
세종,고등학교,2029,6,6,3249.083886375244,541.5139810625407,597.9652681012802,0,,,,0.5650010927649359,69.08388637524422,0.021724492570831515
세종,고등학교,2030,6,6,3234.554656875173,539.0924428125288,594.9430889470077,0,2.0,0.0,0.0,0.5650010927649359,54.554656875172896,0.017155552476469466
세종,중학교,2025,12,12,4255.0,354.5833333333333,396.0,1,,,,1.2162674250165397,0.0,0.0
세종,중학교,2026,12,12,4342.656582558576,361.88804854654796,429.00912222632644,1,,,,1.2162674250165397,87.65658255857579,0.02060084196441264
세종,중학교,2027,12,12,4391.0858399068875,365.9238199922406,424.5279189603994,1,,,,1.2162674250165397,136.0858399068875,0.03198257107094888
세종,중학교,2028,12,12,4326.434870805444,360.536239233787,428.27537370538937,1,,,,1.2162674250165397,71.434870805444,0.01678845377331234
세종,중학교,2029,12,12,4308.439645945216,359.0366371621014,425.7931026896282,1,,,,1.2162674250165397,53.4396459452164,0.012559258741531468
세종,중학교,2030,12,12,4344.97445096407,362.0812042470058,427.14926088328434,1,2.0,1.0,1.0,1.2162674250165397,89.97445096406955,0.021145581895198485
세종,초등학교,2025,29,29,9987.0,344.37931034482756,175.0,5,,,,0.5318071610909705,0.0,0.0
세종,초등학교,2026,29,29,9747.008794552847,336.1037515363051,164.97594116859227,6,,,,0.5318071610909705,-239.99120544715333,-0.024030360012731886
세종,초등학교,2027,29,29,9372.477402291941,323.1888759411014,158.81875021935005,8,,,,0.5318071610909705,-614.522597708059,-0.061532251698013324
세종,초등학교,2028,29,29,9005.004272147151,310.51738869472933,153.12929151999273,8,,,,0.5318071610909705,-981.9957278528491,-0.09832739840320907
세종,초등학교,2029,29,29,8518.72066562377,293.74898846978516,149.04849053965006,10,,,,0.5318071610909705,-1468.2793343762296,-0.14701905821330025
세종,초등학교,2030,29,29,7991.059083114569,275.5537614867093,137.4567346401162,10,23.0,3.0,3.0,0.5318071610909705,-1995.9409168854309,-0.19985390176083218
울산,고등학교,2025,44,44,25353.0,576.2045454545455,556.5,0,,,,0.20638927902026055,0.0,0.0
울산,고등학교,2026,44,44,24616.08737609994,559.4565312749986,535.6894367423729,0,,,,0.20638927902026055,-736.9126239000616,-0.02906609174062484
울산,고등학교,2027,44,44,23935.04081776839,543.978200403827,522.3317254067496,0,,,,0.20638927902026055,-1417.9591822316106,-0.055928654685110664
울산,고등학교,2028,44,44,23764.8431452951,540.1100714839796,518.211099188752,0,,,,0.20638927902026055,-1588.1568547048992,-0.06264177236243834
울산,고등학교,2029,44,44,23759.041959295937,539.978226347635,521.9044823561851,0,,,,0.20638927902026055,-1593.958040704063,-0.06287058891271499
울산,고등학교,2030,44,44,23619.163227331293,536.7991642575294,517.4414612841898,0,24.0,0.0,0.0,0.20638927902026055,-1733.8367726687065,-0.0683878346810518
울산,중학교,2025,54,54,29129.0,539.425925925926,561.5,1,,,,0.6426151370823397,0.0,0.0
울산,중학교,2026,54,54,29238.5235028831,541.4541389422797,574.0502010277813,1,,,,0.6426151370823397,109.52350288310117,0.0037599472307014033
울산,중학교,2027,54,54,29057.59068660809,538.1035312334832,570.3350446330592,1,,,,0.6426151370823397,-71.40931339190865,-0.0024514852343681093
울산,중학교,2028,54,54,28470.018913070802,527.2225724642741,560.6470597956836,1,,,,0.6426151370823397,-658.9810869291978,-0.02262285306495924
울산,중학교,2029,54,54,28272.499801365222,523.564811136393,559.7519867805743,1,,,,0.6426151370823397,-856.5001986347779,-0.029403693866414154
울산,중학교,2030,54,54,28420.411957664717,526.3039251419392,565.5774674326383,1,15.0,1.0,1.0,0.6426151370823397,-708.5880423352828,-0.02432586227935332
울산,초등학교,2025,105,105,44738.0,426.0761904761905,423.0,10,,,,0.30368582565744845,0.0,0.0
울산,초등학교,2026,105,105,42140.20602130389,401.33529544098946,386.1171841218274,10,,,,0.30368582565744845,-2597.793978696107,-0.0580668330881154
울산,초등학교,2027,105,105,39574.80541689238,376.90290873230833,367.7443635522423,11,,,,0.30368582565744845,-5163.194583107623,-0.11540959772693511
울산,초등학교,2028,105,105,37136.22626464397,353.67834537756164,350.6882333604529,11,,,,0.30368582565744845,-7601.77373535603,-0.16991760327587352
울산,초등학교,2029,105,105,34541.272579762976,328.96450075964736,322.2639507692628,11,,,,0.30368582565744845,-10196.727420237024,-0.22792094908661595
울산,초등학교,2030,105,105,32117.498158792205,305.88093484564007,293.3346815371022,11,97.0,4.0,8.0,0.30368582565744845,-12620.501841207795,-0.28209803391317884
인천,고등학교,2025,111,111,64818.0,583.9459459459459,566.0,5,,,,1.1327101879015262,0.0,0.0
인천,고등학교,2026,111,111,62742.29694801793,565.245918450612,548.867102691556,5,,,,1.1327101879015262,-2075.703051982069,-0.03202355907282035
인천,고등학교,2027,111,111,61121.18216979124,550.6412808089301,524.6290707179224,5,,,,1.1327101879015262,-3696.8178302087617,-0.057033815147162235
인천,고등학교,2028,111,111,60573.63649233067,545.7084368678438,516.7831942619953,5,,,,1.1327101879015262,-4244.363507669332,-0.06548124761130136
인천,고등학교,2029,111,111,60382.149921741846,543.9833326283049,514.764624481386,5,,,,1.1327101879015262,-4435.850078258154,-0.06843546666447829
인천,고등학교,2030,111,111,60199.23923097138,542.3354885673098,507.10473675279405,5,70.0,5.0,5.0,1.1327101879015262,-4618.760769028617,-0.07125737864526238
인천,중학교,2025,119,119,59682.0,501.52941176470586,455.0,8,,,,1.5251953563714016,0.0,0.0
인천,중학교,2026,119,119,59503.68106669085,500.03093333353655,457.70451727206887,8,,,,1.5251953563714016,-178.31893330915045,-0.002987817655392756
인천,중학교,2027,119,119,58570.748155062436,492.19116096691124,443.148427305574,8,,,,1.5251953563714016,-1111.2518449375639,-0.018619547685023354
인천,중학교,2028,119,119,57437.25954235048,482.6660465743738,438.289892551658,8,,,,1.5251953563714016,-2244.7404576495173,-0.037611682880089765
인천,중학교,2029,119,119,56738.95219063961,476.79791756840007,432.0329894786403,8,,,,1.5251953563714016,-2943.047809360389,-0.0493121512241612
인천,중학교,2030,119,119,56722.2441764116,476.6575140874925,430.7922877544423,8,51.0,8.0,8.0,1.5251953563714016,-2959.755823588399,-0.04959210186636505
인천,초등학교,2025,225,225,98131.0,436.1377777777778,373.0,24,,,,0.645555233413644,0.0,0.0
인천,초등학교,2026,225,225,92923.91186641774,412.9951638507455,349.8502044326591,24,,,,0.645555233413644,-5207.088133582263,-0.05306262173606978
인천,초등학교,2027,225,225,88190.1437782888,391.95619457017244,333.8346976077993,25,,,,0.645555233413644,-9940.856221711205,-0.10130189462770384
인천,초등학교,2028,225,225,82703.99002118422,367.573288983041,311.5649224829704,25,,,,0.645555233413644,-15427.009978815782,-0.1572083233515992
인천,초등학교,2029,225,225,77279.7930899623,343.46574706649915,291.13601500986425,25,,,,0.645555233413644,-20851.206910037698,-0.21248338353871557
인천,초등학교,2030,225,225,71925.86547984049,319.6705132437355,261.7500315212807,25,215.0,14.0,22.0,0.645555233413644,-26205.13452015951,-0.26704236704160267
전남,고등학교,2025,136,136,42963.0,315.90441176470586,277.5,17,,,,3.165101379686117,0.0,0.0
전남,고등학교,2026,136,136,41576.58768110577,305.7102035375424,270.02148403201494,18,,,,3.165101379686117,-1386.4123188942322,-0.03226991408640533
전남,고등학교,2027,136,136,40529.978051451,298.0145444959632,270.08372046713,17,,,,3.165101379686117,-2433.0219485490015,-0.056630634465679806
전남,고등학교,2028,136,136,39978.29528776717,293.9580535865233,264.0800540464372,18,,,,3.165101379686117,-2984.7047122328295,-0.06947151530928541
전남,고등학교,2029,136,136,39989.11149339129,294.0375845102301,265.1523899632785,18,,,,3.165101379686117,-2973.8885066087096,-0.06921975901610013
전남,고등학교,2030,136,136,39697.2603285619,291.8916200629551,263.45486121798706,18,53.0,17.0,17.0,3.165101379686117,-3265.739671438103,-0.07601284061723118
전남,중학교,2025,233,233,37153.0,159.4549356223176,53.0,123,,,,4.025368222679894,0.0,0.0
전남,중학교,2026,233,233,36876.21415782862,158.26701355291252,49.9640232967137,123,,,,4.025368222679894,-276.7858421713827,-0.007449892126379638
전남,중학교,2027,233,233,35955.409816887994,154.31506359179397,49.97073019159872,124,,,,4.025368222679894,-1197.5901831120063,-0.03223401025790667
전남,중학교,2028,233,233,35237.503603494624,151.2339210450413,48.55902475851346,124,,,,4.025368222679894,-1915.4963965053757,-0.051556977808127895
전남,중학교,2029,233,233,34669.47478299262,148.79602911155632,46.56357486092012,126,,,,4.025368222679894,-2483.52521700738,-0.06684588638891556
전남,중학교,2030,233,233,34673.567381346846,148.81359391135985,46.236000375132726,126,82.0,110.0,122.0,4.025368222679894,-2479.4326186531543,-0.0667357311294688
전남,초등학교,2025,410,409,55587.0,135.5780487804878,45.0,253,,,,2.1441383259849918,0.0,0.0
전남,초등학교,2026,410,409,52048.26951201143,126.94699880978398,42.47027866856707,256,,,,2.1441383259849918,-3538.7304879885705,-0.0636611165918033
전남,초등학교,2027,410,409,48888.62570032075,119.24055048858719,40.96801554160285,264,,,,2.1441383259849918,-6698.37429967925,-0.12050253296057081
전남,초등학교,2028,410,409,45822.99420135629,111.7634004911129,38.89244773990073,272,,,,2.1441383259849918,-9764.00579864371,-0.17565268495590172
전남,초등학교,2029,410,409,42565.73771609018,103.81887247826873,35.7266477689373,276,,,,2.1441383259849918,-13021.262283909819,-0.23425013553366467
전남,초등학교,2030,410,409,39540.05517568879,96.4391589650946,33.496702861409744,279,350.0,172.0,214.0,2.1441383259849918,-16046.944824311213,-0.2886816130446186
전북,고등학교,2025,126,126,46697.0,370.6111111111111,301.0,15,,,,2.031897877892252,0.0,0.0
전북,고등학교,2026,126,126,44985.9355475862,357.0312345046524,296.224495996542,16,,,,2.031897877892252,-1711.064452413797,-0.036641849635175645
전북,고등학교,2027,126,126,43574.148997123986,345.82657934225386,285.63331951415427,16,,,,2.031897877892252,-3122.851002876014,-0.06687476717724937
전북,고등학교,2028,126,126,43101.83599392865,342.0780634438782,280.87588948740114,16,,,,2.031897877892252,-3595.164006071347,-0.07698918573080385
전북,고등학교,2029,126,126,43006.027151862814,341.317675808435,281.2859418042418,17,,,,2.031897877892252,-3690.972848137186,-0.07904089873304893
전북,고등학교,2030,126,126,42622.70520376196,338.2754381250949,276.93382741332687,17,57.0,15.0,14.0,2.031897877892252,-4074.294796238042,-0.08724960481911134
전북,중학교,2025,194,194,40838.0,210.50515463917526,101.5,83,,,,2.3653178709938834,0.0,0.0
전북,중학교,2026,194,194,40546.55888246465,209.00288083744664,103.1164589454034,83,,,,2.3653178709938834,-291.44111753535253,-0.0071365178886172815
전북,중학교,2027,194,194,39686.91807720493,204.57174266600478,101.45192198019231,83,,,,2.3653178709938834,-1151.0819227950706,-0.028186540055709648
전북,중학교,2028,194,194,38888.622247239895,200.45681570742215,97.64653812455805,83,,,,2.3653178709938834,-1949.377752760105,-0.04773440797198945
전북,중학교,2029,194,194,38305.59433931685,197.45151721297344,95.7273878308242,84,,,,2.3653178709938834,-2532.405660683151,-0.062011010839981166
전북,중학교,2030,194,194,38292.91302752324,197.38614962640844,96.32515295847094,84,87.0,62.0,74.0,2.3653178709938834,-2545.0869724767617,-0.06232153808895543
전북,초등학교,2025,372,372,53560.0,143.9784946236559,50.0,213,,,,1.1521053177935219,0.0,0.0
전북,초등학교,2026,372,372,49739.977922903,133.7096180723199,46.45654916501615,214,,,,1.1521053177935219,-3820.0220770969972,-0.07132229419523893
전북,초등학교,2027,372,372,46378.6991260372,124.67392238182043,45.304176331612815,218,,,,1.1521053177935219,-7181.3008739627985,-0.13407955328533977
전북,초등학교,2028,372,372,43189.95833109306,116.10203852444371,42.30737060267326,222,,,,1.1521053177935219,-10370.041668906939,-0.19361541577496152
전북,초등학교,2029,372,372,39993.847622904694,107.51034307232445,39.07419599279351,230,,,,1.1521053177935219,-13566.152377095306,-0.2532888793333702
전북,초등학교,2030,372,372,36967.953163019956,99.37621818016117,37.21523215607458,231,320.0,76.0,123.0,1.1521053177935219,-16592.046836980044,-0.3097842949398813
제주,고등학교,2025,30,30,18711.0,623.7,587.5,0,,,,2.9101416431366625,0.0,0.0
제주,고등학교,2026,30,30,18209.81593195922,606.9938643986407,569.0114372288781,0,,,,2.9101416431366625,-501.1840680407804,-0.02678553086637702
제주,고등학교,2027,30,30,17769.149070378415,592.3049690126138,553.4076050327676,0,,,,2.9101416431366625,-941.8509296215852,-0.05033675001985918
제주,고등학교,2028,30,30,17600.414219046168,586.6804739682055,553.8550458278713,0,,,,2.9101416431366625,-1110.585780953832,-0.05935469942567645
제주,고등학교,2029,30,30,17592.273842032188,586.4091280677396,558.5316515799785,0,,,,2.9101416431366625,-1118.7261579678125,-0.05978975778781532
제주,고등학교,2030,30,30,17552.62777641411,585.087592547137,560.5303314674115,0,17.0,0.0,0.0,2.9101416431366625,-1158.3722235858913,-0.061908621858045604
제주,중학교,2025,40,40,15631.0,390.775,336.0,7,,,,3.581884099679762,0.0,0.0
제주,중학교,2026,40,40,15721.50875244384,393.037718811096,341.38653476519033,7,,,,3.581884099679762,90.50875244384042,0.005790336667125611
제주,중학교,2027,40,40,15589.950961017848,389.7487740254462,342.4236929603986,7,,,,3.581884099679762,-41.049038982151615,-0.002626130060914312
제주,중학교,2028,40,40,15329.048146088637,383.22620365221593,339.958647759796,7,,,,3.581884099679762,-301.9518539113633,-0.019317500730046913
제주,중학교,2029,40,40,15233.651498555031,380.8412874638758,337.91105359608525,7,,,,3.581884099679762,-397.34850144496886,-0.025420542604118027
제주,중학교,2030,40,40,15341.898288818025,383.5474572204506,340.3753671233676,7,3.0,7.0,7.0,3.581884099679762,-289.1017111819747,-0.01849540727925115
제주,초등학교,2025,108,108,28469.0,263.60185185185185,140.0,29,,,,0.6901432472450381,0.0,0.0
제주,초등학교,2026,108,108,27162.83995449577,251.5077773564423,137.39847484163525,30,,,,0.6901432472450381,-1306.1600455042317,-0.04588008168549059
제주,초등학교,2027,108,108,25992.339259508808,240.66980795841488,138.21896435279285,30,,,,0.6901432472450381,-2476.660740491192,-0.08699500300295732
제주,초등학교,2028,108,108,24826.53358619101,229.8753109832501,134.1658964691551,30,,,,0.6901432472450381,-3642.46641380899,-0.12794500733460923
제주,초등학교,2029,108,108,23405.049936570795,216.71342533861846,132.2157667085601,33,,,,0.6901432472450381,-5063.950063429205,-0.17787593745580124
제주,초등학교,2030,108,108,22092.921173144918,204.56408493652702,126.63090418723671,33,51.0,10.0,15.0,0.6901432472450381,-6376.078826855082,-0.2239656758879863
충남,고등학교,2025,111,111,53033.0,477.77477477477476,364.0,1,,,,2.6499900925287525,0.0,0.0
충남,고등학교,2026,111,111,51858.066466789714,467.18978798909654,356.7453188795772,1,,,,2.6499900925287525,-1174.9335332102855,-0.022154762755459537
충남,고등학교,2027,111,111,50728.293418047804,457.01165241484506,348.08668120232136,1,,,,2.6499900925287525,-2304.706581952196,-0.04345797111142488
충남,고등학교,2028,111,111,50125.081723993375,451.57731282876915,340.7247857578579,1,,,,2.6499900925287525,-2907.918276006625,-0.05483224173640234
충남,고등학교,2029,111,111,49896.80485429759,449.52076445313145,342.9863871178368,1,,,,2.6499900925287525,-3136.1951457024115,-0.05913667236819361
충남,고등학교,2030,111,111,49504.145379475565,445.9832917069871,340.39571686103034,1,41.0,1.0,1.0,2.6499900925287525,-3528.8546205244347,-0.0665407316298236
충남,중학교,2025,170,170,50439.0,296.7,167.0,51,,,,2.6210937688038807,0.0,0.0
충남,중학교,2026,170,170,49987.464728869585,294.04391016982106,164.37449279136172,48,,,,2.6210937688038807,-451.5352711304149,-0.008952105932520766
충남,중학교,2027,170,170,49152.914322961835,289.13479013506964,157.1648543186466,51,,,,2.6210937688038807,-1286.0856770381652,-0.025497842483755927
충남,중학교,2028,170,170,48431.03725826815,284.8884544604009,154.8727579437122,53,,,,2.6210937688038807,-2007.962741731848,-0.03980972544522786
충남,중학교,2029,170,170,47838.23917788872,281.4014069287572,152.0486427595178,55,,,,2.6210937688038807,-2600.7608221112823,-0.05156249771231155
충남,중학교,2030,170,170,47794.83790365806,281.1461053156356,151.09057245696306,55,55.0,50.0,52.0,2.6210937688038807,-2644.162096341941,-0.05242296826546801
충남,초등학교,2025,364,364,63308.0,173.92307692307693,52.5,194,,,,1.2163183367768782,0.0,0.0
충남,초등학교,2026,364,364,59364.5968160358,163.08955169240605,50.53911460203091,199,,,,1.2163183367768782,-3943.4031839641975,-0.06228917647002271
충남,초등학교,2027,364,364,55845.47605222386,153.4216375061095,50.544230111229126,205,,,,1.2163183367768782,-7462.523947776142,-0.1178764760816349
충남,초등학교,2028,364,364,52369.00121475744,143.87088245812484,47.51751914174872,208,,,,1.2163183367768782,-10938.998785242562,-0.17279014951100274
충남,초등학교,2029,364,364,48772.28886986925,133.98980458755287,44.64292871747526,218,,,,1.2163183367768782,-14535.711130130752,-0.22960306959832488
충남,초등학교,2030,364,364,45462.133205434286,124.89597034459969,42.77991074800588,228,307.0,88.0,150.0,1.2163183367768782,-17845.866794565714,-0.2818895999647077
충북,고등학교,2025,80,80,38840.0,485.5,459.0,2,,,,1.865161987469913,0.0,0.0
충북,고등학교,2026,80,80,37692.63304700129,471.15791308751614,452.392842294828,4,,,,1.865161987469913,-1147.3669529987092,-0.02954085872808211
충북,고등학교,2027,80,80,36849.24124072617,460.61551550907717,445.34991346821664,4,,,,1.865161987469913,-1990.7587592738273,-0.05125537485257022
충북,고등학교,2028,80,80,36596.65473356165,457.4581841695206,433.77051002725045,4,,,,1.865161987469913,-2243.3452664383512,-0.057758631988629024
충북,고등학교,2029,80,80,36639.506829187645,457.99383536484555,434.3700777075988,4,,,,1.865161987469913,-2200.493170812355,-0.05665533395500399
충북,고등학교,2030,80,80,36385.75374529432,454.82192181617904,434.6564861336526,4,41.0,4.0,4.0,1.865161987469913,-2454.2462547056784,-0.06318862653722138
충북,중학교,2025,123,123,40168.0,326.5691056910569,351.0,33,,,,2.2046531046716904,0.0,0.0
충북,중학교,2026,123,123,39937.10754531866,324.6919312627533,347.2740820619116,34,,,,2.2046531046716904,-230.89245468134322,-0.0057481690569942045
충북,중학교,2027,123,123,39300.91354117806,319.51962228600047,342.5760825173276,34,,,,2.2046531046716904,-867.086458821941,-0.021586498178200086
충북,중학교,2028,123,123,38720.07076045286,314.7973232557143,338.1362063743374,34,,,,2.2046531046716904,-1447.929239547142,-0.03604683428468288
충북,중학교,2029,123,123,38323.72078701795,311.5749657481134,333.2979353934745,35,,,,2.2046531046716904,-1844.2792129820518,-0.04591414093263423
충북,중학교,2030,123,123,38349.196774647695,311.78208759876173,332.9179409133109,36,46.0,30.0,32.0,2.2046531046716904,-1818.8032253523052,-0.04527990503267041
충북,초등학교,2025,235,235,49235.0,209.51063829787233,62.0,115,,,,1.2920036515990256,0.0,0.0
충북,초등학교,2026,235,235,46550.12494802817,198.0856380767156,60.20189185436625,117,,,,1.2920036515990256,-2684.8750519718305,-0.05453183816333565
충북,초등학교,2027,235,235,43960.31343570408,187.0651635561876,60.06353200494462,116,,,,1.2920036515990256,-5274.6865642959165,-0.10713286410675163
충북,초등학교,2028,235,235,41302.87230176163,175.7569034117516,56.13617875690333,121,,,,1.2920036515990256,-7932.1276982383715,-0.16110749869479785
충북,초등학교,2029,235,235,38502.601795955896,163.8408587061953,51.7715593962846,125,,,,1.2920036515990256,-10732.398204044104,-0.21798310559650866
충북,초등학교,2030,235,235,35768.90269051524,152.208096555384,48.57762323848378,128,196.0,67.0,94.0,1.2920036515990256,-13466.097309484758,-0.2735065971257187
